message,output,timestamp
파이썬이 뭐야?,"파이썬은 프로그래밍 언어 중 하나입니다. 이는 컴퓨터가 이해할 수 있는 명령어로 코드를 작성하여 실행하는 방식을 제공합니다. 파이는 ""프린트""라는 함수를 사용하여 메시지를 출력하도록 키워드로 정의되어 있습니다.

파이썬은 여러 가지 목적으로 사용될 수 있으며, 웹 개발과 데이터 분석, AI 및 머신러닝을 포함하여 다양한 분야에서 활용됩니다. 파이는 그 동안 뛰어난 학습성능에 대해 잘 알려져 있고, 이는 새로운 기술을 쉽게 배울 수 있는 기회를 제공합니다.

파이썬의 구조는 디자인 시스템으로 이해할 수 있습니다. 예를 들어, 파이는 명령어 syntax를 사용하여 코드 작성하는 방식과 함께 정의된 정의적 (semantics)이 포함됩니다. 이를 통해 프로그램을 작동시키고 실행시킬 수 있도록 설계되었습니다.

파이썬은 데이터 처리에 대한 유용한 라이브러리와 모듈이 존재하며, NumPy나 Pandas 같은 다양한 패키지가 제공되어 있습니다. 이들은 계산 및 분석을 위한 수학적 기능을 제공하여 파이썬에서 범위를 넓히는 것입니다.

파이는 전통적으로 프로그래밍 언어 중 하나로 알려져 있지만, 다른 프로그래밍 언어들에 비해 더 유연하고 편리한 방식으로 데이터 처리 및 웹 개발을 위한 기능을 제공하는 것 같습니다. 파이썬은 Pythonic라는 용어를 사용하여 그 특성들을 잘 표현하며, 이는 프로그램을 쉽게 작성하고 이해하는데 도움이 될 수 있습니다.

파이는 또한 AI와 Machine Learning에 익숙한 사람들에게 매우 유용할 수 있는 언어입니다. 파이썬에서는 Neural Networks를 구현하는 데 더 효과적인 모델이 만들어질 수 있을 것입니다.

Python은 프로그래밍에서 다양한 기능을 제공하며, 그 기능들을 이해하고 활용하기 위해서는 자주 사용되는 예제와 테스트를 통해 더욱 확실하게 알아가야 합니다. 파이썬의 구조 및 특징들은 단순히 언어로만 이루어진 것이 아니라, 프로그래밍 전문성을 갖추기 위한 여러 가지 기능을 제공하므로, 이를 이해하고 활용하는 것이 중요합니다.

파이는 프로그래밍 언어로서 다양한 분야에서 사용될 수 있는 강력한 도구를 제공하며, 파이썬에 대한 이해는 앞으로 나아가서 더 많은 문제를 해결할 수 있는 능력을 제공하게 됩니다. 파이썬의 구조와 특성은 다른 프로그래밍 언어들과 비교하여 어떻게 다르고, 무엇을 제공하는지 명확히 이해해야 합니다.",2025-06-25 14:21:52.711826
